{"TimeStamp":"2025-07-27T09:52:02Z","SiteName":"FlightCompanion","RequestId":"4bf6c2e2-6acf-11f0-8ec8-c85ea9d99eb3","Kind":"OneDeploy","Status":"Success","Details":"{\"Id\":\"217fa027335442cca2a6cd730710e844\",\"Status\":4,\"StatusText\":\"\",\"AuthorEmail\":\"N/A\",\"Author\":\"N/A\",\"Message\":\"OneDeploy\",\"Progress\":\"\",\"Deployer\":\"OneDeploy\",\"ReceivedTime\":\"2025-07-27T09:51:59.3021874Z\",\"StartTime\":\"2025-07-27T09:51:59.4428223Z\",\"EndTime\":\"2025-07-27T09:52:02.5729086Z\",\"LastSuccessEndTime\":\"2025-07-27T09:52:02.5729086Z\",\"Complete\":true,\"IsTemporary\":false,\"IsReadOnly\":true,\"SiteName\":\"FlightCompanion\",\"HostName\":\"flightcompanion-dea5dnbpfhevd0cc.scm.australiaeast-01.azurewebsites.net\",\"ProjectType\":\"OneDeploy\",\"VsProjectId\":null}"}