<Events><Event><System><Provider Name="IIS AspNetCore Module V2"/><EventID>1032</EventID><Level>4</Level><Task>0</Task><Keywords>Keywords</Keywords><TimeCreated SystemTime="2025-07-27T06:47:29Z"/><EventRecordID>989738500</EventRecordID><Channel>Application</Channel><Computer>WEBWK000000</Computer><Security/></System><EventData><Data>Application 'C:\home\site\wwwroot\' started successfully.</Data><Data>Process Id: 2140.</Data><Data>File Version: 19.0.25119.5. Description: IIS ASP.NET Core Module V2 Request Handler. Commit: </Data></EventData></Event><Event><System><Provider Name="IIS AspNetCore Module V2"/><EventID>1033</EventID><Level>4</Level><Task>0</Task><Keywords>Keywords</Keywords><TimeCreated SystemTime="2025-07-27T07:27:28Z"/><EventRecordID>992137312</EventRecordID><Channel>Application</Channel><Computer>WEBWK000000</Computer><Security/></System><EventData><Data>Application 'MACHINE/WEBROOT/APPHOST/FLIGHTCOMPANION' has shutdown.</Data><Data>Process Id: 2140.</Data><Data>File Version: 19.0.25119.5. Description: IIS ASP.NET Core Module V2 Request Handler. Commit: </Data></EventData></Event><Event><System><Provider Name="IIS AspNetCore Module V2"/><EventID>1018</EventID><Level>1</Level><Task>0</Task><Keywords>Keywords</Keywords><TimeCreated SystemTime="2025-07-27T09:52:30Z"/><EventRecordID>1000838921</EventRecordID><Channel>Application</Channel><Computer>WEBWK000000</Computer><Security/></System><EventData><Data>Application '/LM/W3SVC/1194677428/ROOT' with physical root 'C:\home\site\wwwroot\' hit unexpected managed exception, exception code = '0xe0434352'. Please check the stderr logs for more information.</Data><Data>Process Id: 10516.</Data><Data>File Version: 19.0.25119.5. Description: IIS ASP.NET Core Module V2 Request Handler. Commit: </Data></EventData></Event><Event><System><Provider Name="IIS AspNetCore Module V2"/><EventID>1007</EventID><Level>1</Level><Task>0</Task><Keywords>Keywords</Keywords><TimeCreated SystemTime="2025-07-27T09:52:30Z"/><EventRecordID>1000838921</EventRecordID><Channel>Application</Channel><Computer>WEBWK000000</Computer><Security/></System><EventData><Data>Application '/LM/W3SVC/1194677428/ROOT' with physical root 'C:\home\site\wwwroot\' failed to load coreclr. Exception message:
CLR worker thread exited prematurely</Data><Data>Process Id: 10516.</Data><Data>File Version: 19.0.25119.5. Description: IIS ASP.NET Core Module V2 Request Handler. Commit: </Data></EventData></Event><Event><System><Provider Name="IIS AspNetCore Module V2"/><EventID>1018</EventID><Level>1</Level><Task>0</Task><Keywords>Keywords</Keywords><TimeCreated SystemTime="2025-07-27T10:11:59Z"/><EventRecordID>1002007765</EventRecordID><Channel>Application</Channel><Computer>WEBWK000000</Computer><Security/></System><EventData><Data>Application '/LM/W3SVC/1194677428/ROOT' with physical root 'C:\home\site\wwwroot\' hit unexpected managed exception, exception code = '0xe0434352'. Please check the stderr logs for more information.</Data><Data>Process Id: 980.</Data><Data>File Version: 19.0.25119.5. Description: IIS ASP.NET Core Module V2 Request Handler. Commit: </Data></EventData></Event><Event><System><Provider Name="IIS AspNetCore Module V2"/><EventID>1007</EventID><Level>1</Level><Task>0</Task><Keywords>Keywords</Keywords><TimeCreated SystemTime="2025-07-27T10:11:59Z"/><EventRecordID>1002007765</EventRecordID><Channel>Application</Channel><Computer>WEBWK000000</Computer><Security/></System><EventData><Data>Application '/LM/W3SVC/1194677428/ROOT' with physical root 'C:\home\site\wwwroot\' failed to load coreclr. Exception message:
CLR worker thread exited prematurely</Data><Data>Process Id: 980.</Data><Data>File Version: 19.0.25119.5. Description: IIS ASP.NET Core Module V2 Request Handler. Commit: </Data></EventData></Event></Events>