﻿<?xml version="1.0" encoding="utf-8"?>
<deployment>
  <id>217fa027335442cca2a6cd730710e844</id>
  <author>N/A</author>
  <deployer>OneDeploy</deployer>
  <authorEmail>N/A</authorEmail>
  <message>OneDeploy</message>
  <progress></progress>
  <status>Success</status>
  <statusText></statusText>
  <lastSuccessEndTime>2025-07-27T09:52:02.5729086Z</lastSuccessEndTime>
  <receivedTime>2025-07-27T09:51:59.3021874Z</receivedTime>
  <startTime>2025-07-27T09:51:59.4428223Z</startTime>
  <endTime>2025-07-27T09:52:02.5729086Z</endTime>
  <complete>True</complete>
  <is_temp>False</is_temp>
  <is_readonly>True</is_readonly>
  <project_type>OneDeploy</project_type>
  <vsproject_id></vsproject_id>
</deployment>