<step title="Incoming Request" date="2025-07-27T09:51:49.089" instance="92ca53" url="/api/publish?type=zip" method="POST" type="request" pid="7240,2,9" Cache-Control="no-cache" Content-Length="28606369" Content-Type="application/octet-stream" Accept="*/*" Accept-Encoding="gzip, deflate" Authorization="Bea..." Host="flightcompanion-dea5dnbpfhevd0cc.scm.australiaeast-01.azurewebsites.net" User-Agent="AZURECLI/2.75.0 (MSI)" x-ms-client-request-id="4bf6c2e2-6acf-11f0-8ec8-c85ea9d99eb3" X-ARR-LOG-ID="4bf6c2e2-6acf-11f0-8ec8-c85ea9d99eb3" CLIENT-IP="125.237.36.98:51955" X-SITE-DEPLOYMENT-ID="FlightCompanion" WAS-DEFAULT-HOSTNAME="flightcompanion-dea5dnbpfhevd0cc.scm.australiaeast-01.azurewebsites.net" X-Forwarded-Proto="https" X-AppService-Proto="https" X-Forwarded-TlsVersion="1.3" X-WAWS-Unencoded-URL="/api/publish?type=zip" >
  <step title="OneDeploy" date="2025-07-27T09:51:49.277" >
    <step title="Starting PushDeployAsync" date="2025-07-27T09:51:49.323" /><!-- duration: 0ms -->
    <step title="Updating shutdown sentinel last write time" date="2025-07-27T09:51:49.355" SemaphoreCount="7" /><!-- duration: 16ms -->
    <step title="LockFile &apos;C:\home\site\locks\deployments.lock&apos; acquired" date="2025-07-27T09:51:49.370" /><!-- duration: 0ms -->
    <step title="Saving request content to C:\local\Temp\zipdeploy\ovdu3tnx.zip" date="2025-07-27T09:51:49.386" >
      <step title="Total 28,606,369 bytes written to C:\local\Temp\zipdeploy\ovdu3tnx.zip" date="2025-07-27T09:51:58.052" /><!-- duration: 16ms -->
    </step><!-- duration: 8681ms -->
    <step title="LockFile &apos;C:\home\site\locks\deployments.lock&apos; released" date="2025-07-27T09:51:58.067" /><!-- duration: 16ms -->
    <step title="Deleting shutdown sentinel file" date="2025-07-27T09:51:58.083" SemaphoreCount="8" /><!-- duration: 0ms -->
    <step title="Starting FetchDeploy" date="2025-07-27T09:51:58.099" /><!-- duration: 0ms -->
    <step title="Attempting to fetch target branch HEAD" date="2025-07-27T09:51:58.099" /><!-- duration: 0ms -->
    <step title="Updating shutdown sentinel last write time" date="2025-07-27T09:51:58.114" SemaphoreCount="7" /><!-- duration: 0ms -->
    <step title="LockFile &apos;C:\home\site\locks\deployments.lock&apos; acquired" date="2025-07-27T09:51:58.114" /><!-- duration: 0ms -->
    <step title="Performing fetch based deployment" date="2025-07-27T09:51:58.130" >
      <step title="Creating temporary deployment" date="2025-07-27T09:51:58.130" /><!-- duration: 47ms -->
      <step title="Fetching changes." date="2025-07-27T09:51:58.224" /><!-- duration: 0ms -->
      <step title="Starting LocalZipHandler" date="2025-07-27T09:51:58.224" /><!-- duration: 16ms -->
      <step title="Starting LocalZipFetch" date="2025-07-27T09:51:58.239" /><!-- duration: 0ms -->
      <step title="Cleaning up temp folders from previous zip deployments and extracting pushed zip file C:\local\Temp\zipdeploy\ovdu3tnx.zip (27.28 MB) to C:\local\Temp\zipdeploy\extracted" date="2025-07-27T09:51:58.255" /><!-- duration: 0ms -->
      <step title="Cleaning up temp folders from previous zip deployments and extracting pushed zip file C:\local\Temp\zipdeploy\ovdu3tnx.zip (27.28 MB) to C:\local\Temp\zipdeploy\extracted" date="2025-07-27T09:51:58.270" >
        <step title="Extracting 223 entries to C:\local\Temp\zipdeploy\extracted directory" date="2025-07-27T09:51:58.270" >
          <step title="Extracting to C:\local\Temp\zipdeploy\extracted\cs\Microsoft.CodeAnalysis.CSharp.resources.dll ..." date="2025-07-27T09:51:58.270" /><!-- duration: 16ms -->
          <step title="Extracting to C:\local\Temp\zipdeploy\extracted\cs\Microsoft.CodeAnalysis.CSharp.Workspaces.resources.dll ..." date="2025-07-27T09:51:58.286" /><!-- duration: 0ms -->
          <step title="Extracting to C:\local\Temp\zipdeploy\extracted\cs\Microsoft.CodeAnalysis.resources.dll ..." date="2025-07-27T09:51:58.302" /><!-- duration: 0ms -->
          <step title="Extracting to C:\local\Temp\zipdeploy\extracted\cs\Microsoft.CodeAnalysis.Workspaces.resources.dll ..." date="2025-07-27T09:51:58.302" /><!-- duration: 0ms -->
          <step title="Extracting to C:\local\Temp\zipdeploy\extracted\de\Microsoft.CodeAnalysis.CSharp.resources.dll ..." date="2025-07-27T09:51:58.302" /><!-- duration: 16ms -->
          <step title="Omitting extracting file traces ..." date="2025-07-27T09:51:58.317" /><!-- duration: 0ms -->
        </step><!-- duration: 969ms -->
      </step><!-- duration: 969ms -->
      <step title="None repository commit" date="2025-07-27T09:51:59.255" >
        <step title="Commit id: 217fa027335442cca2a6cd730710e844" date="2025-07-27T09:51:59.255" Message="OneDeploy" AuthorName="N/A" AuthorEmail="N/A" /><!-- duration: 0ms -->
      </step><!-- duration: 0ms -->
      <step title="Before sending BuildRequestReceived status to /api/updatedeploystatus" date="2025-07-27T09:51:59.270" /><!-- duration: 0ms -->
      <step title="DeploymentManager.Deploy(id:217fa027335442cca2a6cd730710e844)" date="2025-07-27T09:51:59.286" >
        <step title="Collecting changeset information" date="2025-07-27T09:51:59.286" /><!-- duration: 47ms -->
        <step title="Updating submodules" date="2025-07-27T09:51:59.349" >
          <step title="Updating submodules." date="2025-07-27T09:51:59.364" /><!-- duration: 16ms -->
        </step><!-- duration: 31ms -->
        <step title="Preparing deployment for commit id &apos;217fa02733&apos;." date="2025-07-27T09:51:59.411" /><!-- duration: 16ms -->
        <step title="Determining deployment builder" date="2025-07-27T09:51:59.458" >
          <step title="Builder is OneDeployBuilder" date="2025-07-27T09:51:59.458" /><!-- duration: 0ms -->
        </step><!-- duration: 0ms -->
        <step title="Copying SSH keys" date="2025-07-27T09:51:59.474" /><!-- duration: 16ms -->
        <step title="Building" date="2025-07-27T09:51:59.489" >
          <step title="Running build. Project type: OneDeploy" date="2025-07-27T09:51:59.521" /><!-- duration: 0ms -->
          <step title="Copying the manifest" date="2025-07-27T09:51:59.552" /><!-- duration: 0ms -->
          <step title="Clean deploying to C:\home\site\wwwroot" date="2025-07-27T09:51:59.599" /><!-- duration: 0ms -->
          <step title="Generating deployment script." date="2025-07-27T09:51:59.646" /><!-- duration: 0ms -->
          <step title="Generating deployment script" date="2025-07-27T09:51:59.646" >
            <step title="Using the following command to generate deployment script: &apos;azure site deploymentscript -y --no-dot-deployment -r &quot;C:\local\Temp\zipdeploy\extracted&quot; -o &quot;C:\home\site\deployments\tools&quot; --basic --sitePath &quot;C:\local\Temp\zipdeploy\extracted&quot;&apos;." date="2025-07-27T09:51:59.692" /><!-- duration: 16ms -->
            <step title="Executing external process" date="2025-07-27T09:51:59.724" type="process" path="starter.cmd" arguments="&quot;C:\Program Files (x86)\SiteExtensions\Kudu\2025.06.2.6\bin\node_modules\.bin\kuduscript.cmd&quot; -y --no-dot-deployment -r &quot;C:\local\Temp\zipdeploy\extracted&quot; -o &quot;C:\home\site\deployments\tools&quot; --basic --sitePath &quot;C:\local\Temp\zipdeploy\extracted&quot;" >
              <step title="Generating deployment script for Web Site" date="2025-07-27T09:51:59.849" /><!-- duration: 0ms -->
              <step title="Generated deployment script files" date="2025-07-27T09:51:59.865" /><!-- duration: 0ms -->
            </step><!-- duration: 141ms -->
            <step title="Saved cached version of the deployment script for command -y --no-dot-deployment -r &quot;C:\local\Temp\zipdeploy\extracted&quot; -o &quot;C:\home\site\deployments\tools&quot; --basic --sitePath &quot;C:\local\Temp\zipdeploy\extracted&quot;" date="2025-07-27T09:51:59.880" /><!-- duration: 0ms -->
          </step><!-- duration: 235ms -->
          <step title="Running deployment command..." date="2025-07-27T09:51:59.911" /><!-- duration: 16ms -->
          <step title="Command: &quot;C:\home\site\deployments\tools\deploy.cmd&quot;" date="2025-07-27T09:51:59.927" /><!-- duration: 0ms -->
          <step title="Executing external process" date="2025-07-27T09:51:59.943" type="process" path="starter.cmd" arguments="&quot;C:\home\site\deployments\tools\deploy.cmd&quot;" >
            <step title="Handling Basic Web Site deployment." date="2025-07-27T09:52:00.068" /><!-- duration: 0ms -->
            <step title="Creating app_offline.htm" date="2025-07-27T09:52:00.255" /><!-- duration: 0ms -->
            <step title="KuduSync.NET from: &apos;C:\local\Temp\zipdeploy\extracted&apos; to: &apos;C:\home\site\wwwroot&apos;" date="2025-07-27T09:52:00.271" /><!-- duration: 0ms -->
            <step title="Deleting file: &apos;DataProtectionKeys\key-b37eb27f-25d5-4a43-9535-5a57eccc8fbc.xml&apos;" date="2025-07-27T09:52:00.286" /><!-- duration: 0ms -->
            <step title="Deleting directory: &apos;DataProtectionKeys&apos;" date="2025-07-27T09:52:00.302" /><!-- duration: 0ms -->
            <step title="Deleting file: &apos;logs\application-20250727.log&apos;" date="2025-07-27T09:52:00.302" /><!-- duration: 16ms -->
            <step title="Deleting file: &apos;logs\errors-20250727.log&apos;" date="2025-07-27T09:52:00.318" /><!-- duration: 0ms -->
            <step title="Deleting file: &apos;logs\security-20250727.log&apos;" date="2025-07-27T09:52:00.333" /><!-- duration: 0ms -->
            <step title="Deleting directory: &apos;logs&apos;" date="2025-07-27T09:52:00.349" /><!-- duration: 0ms -->
            <step title="Deleting file: &apos;hostingstart.html&apos;" date="2025-07-27T09:52:00.365" /><!-- duration: 0ms -->
            <step title="Copying file: &apos;appsettings.Development.json&apos;" date="2025-07-27T09:52:00.380" /><!-- duration: 0ms -->
            <step title="Copying file: &apos;appsettings.json&apos;" date="2025-07-27T09:52:00.396" /><!-- duration: 0ms -->
            <step title="Copying file: &apos;appsettings.production.json&apos;" date="2025-07-27T09:52:00.411" /><!-- duration: 0ms -->
            <step title="Copying file: &apos;appsettings.test.json&apos;" date="2025-07-27T09:52:00.411" /><!-- duration: 16ms -->
            <step title="Copying file: &apos;AutoMapper.dll&apos;" date="2025-07-27T09:52:00.427" /><!-- duration: 0ms -->
            <step title="Copying file: &apos;AutoMapper.Extensions.Microsoft.DependencyInjection.dll&apos;" date="2025-07-27T09:52:00.443" /><!-- duration: 0ms -->
            <step title="Copying file: &apos;Azure.Core.dll&apos;" date="2025-07-27T09:52:00.458" /><!-- duration: 0ms -->
            <step title="Copying file: &apos;Azure.Extensions.AspNetCore.Configuration.Secrets.dll&apos;" date="2025-07-27T09:52:00.458" /><!-- duration: 0ms -->
            <step title="Copying file: &apos;Azure.Identity.dll&apos;" date="2025-07-27T09:52:00.474" /><!-- duration: 0ms -->
            <step title="Copying file: &apos;Azure.Security.KeyVault.Secrets.dll&apos;" date="2025-07-27T09:52:00.490" /><!-- duration: 0ms -->
            <step title="Copying file: &apos;Azure.Storage.Blobs.dll&apos;" date="2025-07-27T09:52:00.490" /><!-- duration: 0ms -->
            <step title="Copying file: &apos;Azure.Storage.Common.dll&apos;" date="2025-07-27T09:52:00.505" /><!-- duration: 0ms -->
            <step title="Copying file: &apos;DotNetEnv.dll&apos;" date="2025-07-27T09:52:00.521" /><!-- duration: 0ms -->
            <step title="Copying file: &apos;Humanizer.dll&apos;" date="2025-07-27T09:52:00.536" /><!-- duration: 0ms -->
            <step title="Copying file: &apos;libe_sqlite3.so&apos;" date="2025-07-27T09:52:00.536" /><!-- duration: 16ms -->
            <step title="Copying file: &apos;Microsoft.AI.DependencyCollector.dll&apos;" date="2025-07-27T09:52:00.552" /><!-- duration: 0ms -->
            <step title="Copying file: &apos;Microsoft.AI.EventCounterCollector.dll&apos;" date="2025-07-27T09:52:00.568" /><!-- duration: 0ms -->
            <step title="Copying file: &apos;Microsoft.AI.PerfCounterCollector.dll&apos;" date="2025-07-27T09:52:00.568" /><!-- duration: 16ms -->
            <step title="Copying file: &apos;Microsoft.AI.ServerTelemetryChannel.dll&apos;" date="2025-07-27T09:52:00.583" /><!-- duration: 0ms -->
            <step title="Copying file: &apos;Microsoft.AI.WindowsServer.dll&apos;" date="2025-07-27T09:52:00.599" /><!-- duration: 0ms -->
            <step title="Copying file: &apos;Microsoft.ApplicationInsights.AspNetCore.dll&apos;" date="2025-07-27T09:52:00.615" /><!-- duration: 0ms -->
            <step title="Copying file: &apos;Microsoft.ApplicationInsights.dll&apos;" date="2025-07-27T09:52:00.630" /><!-- duration: 0ms -->
            <step title="Copying file: &apos;Microsoft.AspNetCore.Authentication.JwtBearer.dll&apos;" date="2025-07-27T09:52:00.646" /><!-- duration: 0ms -->
            <step title="Copying file: &apos;Microsoft.AspNetCore.Identity.EntityFrameworkCore.dll&apos;" date="2025-07-27T09:52:00.646" /><!-- duration: 0ms -->
            <step title="Copying file: &apos;Microsoft.Bcl.AsyncInterfaces.dll&apos;" date="2025-07-27T09:52:00.661" /><!-- duration: 0ms -->
            <step title="Copying file: &apos;Microsoft.CodeAnalysis.CSharp.dll&apos;" date="2025-07-27T09:52:00.677" /><!-- duration: 0ms -->
            <step title="Copying file: &apos;Microsoft.CodeAnalysis.CSharp.Workspaces.dll&apos;" date="2025-07-27T09:52:00.677" /><!-- duration: 16ms -->
            <step title="Copying file: &apos;Microsoft.CodeAnalysis.dll&apos;" date="2025-07-27T09:52:00.693" /><!-- duration: 0ms -->
            <step title="Copying file: &apos;Microsoft.CodeAnalysis.Workspaces.dll&apos;" date="2025-07-27T09:52:00.708" /><!-- duration: 0ms -->
            <step title="Copying file: &apos;Microsoft.Data.Sqlite.dll&apos;" date="2025-07-27T09:52:00.724" /><!-- duration: 0ms -->
            <step title="Copying file: &apos;Microsoft.EntityFrameworkCore.Abstractions.dll&apos;" date="2025-07-27T09:52:00.740" /><!-- duration: 0ms -->
            <step title="Copying file: &apos;Microsoft.EntityFrameworkCore.Design.dll&apos;" date="2025-07-27T09:52:00.740" /><!-- duration: 16ms -->
            <step title="Copying file: &apos;Microsoft.EntityFrameworkCore.dll&apos;" date="2025-07-27T09:52:00.755" /><!-- duration: 0ms -->
            <step title="Copying file: &apos;Microsoft.EntityFrameworkCore.Relational.dll&apos;" date="2025-07-27T09:52:00.771" /><!-- duration: 0ms -->
            <step title="Copying file: &apos;Microsoft.EntityFrameworkCore.Sqlite.dll&apos;" date="2025-07-27T09:52:00.786" /><!-- duration: 16ms -->
            <step title="Copying file: &apos;Microsoft.Extensions.DependencyModel.dll&apos;" date="2025-07-27T09:52:00.802" /><!-- duration: 0ms -->
            <step title="Copying file: &apos;Microsoft.Extensions.Logging.ApplicationInsights.dll&apos;" date="2025-07-27T09:52:00.818" /><!-- duration: 0ms -->
            <step title="Copying file: &apos;Microsoft.Identity.Client.dll&apos;" date="2025-07-27T09:52:00.818" /><!-- duration: 16ms -->
            <step title="Copying file: &apos;Microsoft.Identity.Client.Extensions.Msal.dll&apos;" date="2025-07-27T09:52:00.833" /><!-- duration: 16ms -->
            <step title="Copying file: &apos;Microsoft.IdentityModel.Abstractions.dll&apos;" date="2025-07-27T09:52:00.849" /><!-- duration: 0ms -->
            <step title="Copying file: &apos;Microsoft.IdentityModel.JsonWebTokens.dll&apos;" date="2025-07-27T09:52:00.865" /><!-- duration: 0ms -->
            <step title="Omitting next output lines..." date="2025-07-27T09:52:00.865" /><!-- duration: 16ms -->
            <step title="Finished successfully." date="2025-07-27T09:52:02.182" /><!-- duration: 0ms -->
          </step><!-- duration: 2255ms -->
          <step title="Build completed succesfully." date="2025-07-27T09:52:02.229" /><!-- duration: 0ms -->
          <step title="Running post deployment command(s)..." date="2025-07-27T09:52:02.260" /><!-- duration: 0ms -->
          <step title="Requesting site restart" date="2025-07-27T09:52:02.307" /><!-- duration: 0ms -->
          <step title="Requesting site restart" date="2025-07-27T09:52:02.307" /><!-- duration: 16ms -->
          <step title="Requesting site restart. Attempt #1" date="2025-07-27T09:52:02.354" /><!-- duration: 0ms -->
          <step title="Requesting site restart. Attempt #1" date="2025-07-27T09:52:02.354" /><!-- duration: 0ms -->
          <step title="Successfully requested a restart. Attempt #1" date="2025-07-27T09:52:02.510" /><!-- duration: 16ms -->
          <step title="Successfully requested a restart. Attempt #1" date="2025-07-27T09:52:02.526" /><!-- duration: 0ms -->
          <step title="Deployment successful. DEPLOYMENTINFO: deploymentPath = OneDeploy, deployer = OneDeploy, os = windows, sku = Free, siteName = FlightCompanion, siteHostName = flightcompanion-dea5dnbpfhevd0cc.australiaeast-01.azurewebsites.net, deploymentStatus = Success" date="2025-07-27T09:52:02.557" /><!-- duration: 0ms -->
        </step><!-- duration: 3161ms -->
      </step><!-- duration: 3380ms -->
      <step title="Cleaning up temp files" date="2025-07-27T09:52:02.666" /><!-- duration: 0ms -->
      <step title="Skip function trigger and logicapp sync because function is not enabled." date="2025-07-27T09:52:02.666" /><!-- duration: 16ms -->
    </step><!-- duration: 4583ms -->
    <step title="LockFile &apos;C:\home\site\locks\deployments.lock&apos; released" date="2025-07-27T09:52:02.713" /><!-- duration: 0ms -->
    <step title="Deleting shutdown sentinel file" date="2025-07-27T09:52:02.729" SemaphoreCount="8" /><!-- duration: 0ms -->
  </step><!-- duration: 13452ms -->
  <step title="Outgoing response" date="2025-07-27T09:52:02.761" type="response" statusCode="200" statusText="OK" Server="Microsoft-IIS/10.0" x-ms-request-id="4bf6c2e2-6acf-11f0-8ec8-c85ea9d99eb3" Cache-Control="private" X-AspNet-Version="4.0.30319" /><!-- duration: 0ms -->
</step><!-- duration: 13672ms -->
